[
  {
    "country_code": "AF",
    "name": "Afghanistan",
    "calling_code": "+93",
    "flag": "flags/afg.png",
    "name_turkish": "Afganistan"
  },
  {
    "country_code": "AX",
    "name": "Åland Islands",
    "calling_code": "+358",
    "flag": "flags/ala.png",
    "name_turkish": "Åland Adaları"
  },
  {
    "country_code": "AL",
    "name": "Albania",
    "calling_code": "+355",
    "flag": "flags/alb.png",
    "name_turkish": "Arnavutluk"
  },
  {
    "country_code": "DZ",
    "name": "Algeria",
    "calling_code": "+213",
    "flag": "flags/dza.png",
    "name_turkish": "Cezayir"
  },
  {
    "country_code": "AS",
    "name": "American Samoa",
    "calling_code": "+1684",
    "flag": "flags/asm.png",
    "name_turkish": "Amerikan Samoası"
  },
  {
    "country_code": "AD",
    "name": "Andorra",
    "calling_code": "+376",
    "flag": "flags/and.png",
    "name_turkish": "Andorra"
  },
  {
    "country_code": "AO",
    "name": "Angola",
    "calling_code": "+244",
    "flag": "flags/ago.png",
    "name_turkish": "Angola"
  },
  {
    "country_code": "AI",
    "name": "Anguilla",
    "calling_code": "+1264",
    "flag": "flags/aia.png",
    "name_turkish": "Anguilla"
  },
  {
    "country_code": "AQ",
    "name": "Antarctica",
    "calling_code": "+672",
    "flag": "flags/ata.png",
    "name_turkish": "Antarktika"
  },
  {
    "country_code": "AG",
    "name": "Antigua and Barbuda",
    "calling_code": "+1268",
    "flag": "flags/atg.png",
    "name_turkish": "Antigua ve Barbuda"
  },
  {
    "country_code": "AR",
    "name": "Argentina",
    "calling_code": "+54",
    "flag": "flags/arg.png",
    "name_turkish": "Arjantin"
  },
  {
    "country_code": "AM",
    "name": "Armenia",
    "calling_code": "+374",
    "flag": "flags/arm.png",
    "name_turkish": "Ermenistan"
  },
  {
    "country_code": "AW",
    "name": "Aruba",
    "calling_code": "+297",
    "flag": "flags/abw.png",
    "name_turkish": "Aruba"
  },
  {
    "country_code": "AU",
    "name": "Australia",
    "calling_code": "+61",
    "flag": "flags/aus.png",
    "name_turkish": "Avustralya"
  },
  {
    "country_code": "AT",
    "name": "Austria",
    "calling_code": "+43",
    "flag": "flags/aut.png",
    "name_turkish": "Avusturya"
  },
  {
    "country_code": "AZ",
    "name": "Azerbaijan",
    "calling_code": "+994",
    "flag": "flags/aze.png",
    "name_turkish": "Azerbaycan"
  },
  {
    "country_code": "BS",
    "name": "Bahamas",
    "calling_code": "+1242",
    "flag": "flags/bhs.png",
    "name_turkish": "Bahamalar"
  },
  {
    "country_code": "BH",
    "name": "Bahrain",
    "calling_code": "+973",
    "flag": "flags/bhr.png",
    "name_turkish": "Bahreyn"
  },
  {
    "country_code": "BD",
    "name": "Bangladesh",
    "calling_code": "+880",
    "flag": "flags/bgd.png",
    "name_turkish": "Bangladeş"
  },
  {
    "country_code": "BB",
    "name": "Barbados",
    "calling_code": "+1246",
    "flag": "flags/brb.png",
    "name_turkish": "Barbados"
  },
  {
    "country_code": "BY",
    "name": "Belarus",
    "calling_code": "+375",
    "flag": "flags/blr.png",
    "name_turkish": "Belarus"
  },
  {
    "country_code": "BE",
    "name": "Belgium",
    "calling_code": "+32",
    "flag": "flags/bel.png",
    "name_turkish": "Belçika"
  },
  {
    "country_code": "BZ",
    "name": "Belize",
    "calling_code": "+501",
    "flag": "flags/blz.png",
    "name_turkish": "Belize"
  },
  {
    "country_code": "BJ",
    "name": "Benin",
    "calling_code": "+229",
    "flag": "flags/ben.png",
    "name_turkish": "Benin"
  },
  {
    "country_code": "BM",
    "name": "Bermuda",
    "calling_code": "+1441",
    "flag": "flags/bmu.png",
    "name_turkish": "Bermuda"
  },
  {
    "country_code": "BT",
    "name": "Bhutan",
    "calling_code": "+975",
    "flag": "flags/btn.png",
    "name_turkish": "Butan"
  },
  {
    "country_code": "BO",
    "name": "Bolivia (Plurinational State of)",
    "calling_code": "+591",
    "flag": "flags/bol.png",
    "name_turkish": "Bolivya"
  },
  {
    "country_code": "BQ",
    "name": "Bonaire, Sint Eustatius and Saba",
    "calling_code": "+5997",
    "flag": "flags/bes.png",
    "name_turkish": "Bonaire, Sint Eustatius ve Saba"
  },
  {
    "country_code": "BA",
    "name": "Bosnia and Herzegovina",
    "calling_code": "+387",
    "flag": "flags/bih.png",
    "name_turkish": "Bosna-Hersek"
  },
  {
    "country_code": "BW",
    "name": "Botswana",
    "calling_code": "+267",
    "flag": "flags/bwa.png",
    "name_turkish": "Botsvana"
  },
  {
    "country_code": "BV",
    "name": "Bouvet Island",
    "calling_code": "+55",
    "flag": "flags/bvt.png",
    "name_turkish": "Bouvet Adası"
  },
  {
    "country_code": "BR",
    "name": "Brazil",
    "calling_code": "+55",
    "flag": "flags/bra.png",
    "name_turkish": "Brezilya"
  },
  {
    "country_code": "IO",
    "name": "British Indian Ocean Territory",
    "calling_code": "+246",
    "flag": "flags/iot.png",
    "name_turkish": "Britanya Hint Okyanusu Toprakları"
  },
  {
    "country_code": "UM",
    "name": "United States Minor Outlying Islands",
    "calling_code": "+246",
    "flag": "flags/umi.png",
    "name_turkish": "Amerika Birleşik Devletleri Küçük Dış Adaları"
  },
  {
    "country_code": "VG",
    "name": "Virgin Islands (British)",
    "calling_code": "+1284",
    "flag": "flags/vgb.png",
    "name_turkish": "Britanya Virjin Adaları"
  },
  {
    "country_code": "VI",
    "name": "Virgin Islands (U.S.)",
    "calling_code": "+1 340",
    "flag": "flags/vir.png",
    "name_turkish": "ABD Virjin Adaları"
  },
  {
    "country_code": "BN",
    "name": "Brunei Darussalam",
    "calling_code": "+673",
    "flag": "flags/brn.png",
    "name_turkish": "Brunei"
  },
  {
    "country_code": "BG",
    "name": "Bulgaria",
    "calling_code": "+359",
    "flag": "flags/bgr.png",
    "name_turkish": "Bulgaristan"
  },
  {
    "country_code": "BF",
    "name": "Burkina Faso",
    "calling_code": "+226",
    "flag": "flags/bfa.png",
    "name_turkish": "Burkina Faso"
  },
  {
    "country_code": "BI",
    "name": "Burundi",
    "calling_code": "+257",
    "flag": "flags/bdi.png",
    "name_turkish": "Burundi"
  },
  {
    "country_code": "KH",
    "name": "Cambodia",
    "calling_code": "+855",
    "flag": "flags/khm.png",
    "name_turkish": "Kamboçya"
  },
  {
    "country_code": "CM",
    "name": "Cameroon",
    "calling_code": "+237",
    "flag": "flags/cmr.png",
    "name_turkish": "Kamerun"
  },
  {
    "country_code": "CA",
    "name": "Canada",
    "calling_code": "+1",
    "flag": "flags/can.png",
    "name_turkish": "Kanada"
  },
  {
    "country_code": "CV",
    "name": "Cabo Verde",
    "calling_code": "+238",
    "flag": "flags/cpv.png",
    "name_turkish": "Yeşil Burun Adaları"
  },
  {
    "country_code": "KY",
    "name": "Cayman Islands",
    "calling_code": "+1345",
    "flag": "flags/cym.png",
    "name_turkish": "Cayman Adaları"
  },
  {
    "country_code": "CF",
    "name": "Central African Republic",
    "calling_code": "+236",
    "flag": "flags/caf.png",
    "name_turkish": "Orta Afrika Cumhuriyeti"
  },
  {
    "country_code": "TD",
    "name": "Chad",
    "calling_code": "+235",
    "flag": "flags/tcd.png",
    "name_turkish": "Çad"
  },
  {
    "country_code": "CL",
    "name": "Chile",
    "calling_code": "+56",
    "flag": "flags/chl.png",
    "name_turkish": "Şili"
  },
  {
    "country_code": "CN",
    "name": "China",
    "calling_code": "+86",
    "flag": "flags/chn.png",
    "name_turkish": "Çin"
  },
  {
    "country_code": "CX",
    "name": "Christmas Island",
    "calling_code": "+61",
    "flag": "flags/cxr.png",
    "name_turkish": "Christmas Adası"
  },
  {
    "country_code": "CC",
    "name": "Cocos (Keeling) Islands",
    "calling_code": "+61",
    "flag": "flags/cck.png",
    "name_turkish": "Cocos (Keeling) Adaları"
  },
  {
    "country_code": "CO",
    "name": "Colombia",
    "calling_code": "+57",
    "flag": "flags/col.png",
    "name_turkish": "Kolombiya"
  },
  {
    "country_code": "KM",
    "name": "Comoros",
    "calling_code": "+269",
    "flag": "flags/com.png",
    "name_turkish": "Komorlar"
  },
  {
    "country_code": "CG",
    "name": "Congo",
    "calling_code": "+242",
    "flag": "flags/cog.png",
    "name_turkish": "Kongo"
  },
  {
    "country_code": "CD",
    "name": "Congo (Democratic Republic of the)",
    "calling_code": "+243",
    "flag": "flags/cod.png",
    "name_turkish": "Kongo Demokratik Cumhuriyeti"
  },
  {
    "country_code": "CK",
    "name": "Cook Islands",
    "calling_code": "+682",
    "flag": "flags/cok.png",
    "name_turkish": "Cook Adaları"
  },
  {
    "country_code": "CR",
    "name": "Costa Rica",
    "calling_code": "+506",
    "flag": "flags/cri.png",
    "name_turkish": "Kosta Rika"
  },
  {
    "country_code": "HR",
    "name": "Croatia",
    "calling_code": "+385",
    "flag": "flags/hrv.png",
    "name_turkish": "Hırvatistan"
  },
  {
    "country_code": "CU",
    "name": "Cuba",
    "calling_code": "+53",
    "flag": "flags/cub.png",
    "name_turkish": "Küba"
  },
  {
    "country_code": "CW",
    "name": "Curaçao",
    "calling_code": "+599",
    "flag": "flags/cuw.png",
    "name_turkish": "Curaçao"
  },
  {
    "country_code": "CY",
    "name": "Cyprus",
    "calling_code": "+357",
    "flag": "flags/cyp.png",
    "name_turkish": "Kıbrıs"
  },
  {
    "country_code": "CZ",
    "name": "Czech Republic",
    "calling_code": "+420",
    "flag": "flags/cze.png",
    "name_turkish": "Çek Cumhuriyeti"
  },
  {
    "country_code": "DK",
    "name": "Denmark",
    "calling_code": "+45",
    "flag": "flags/dnk.png",
    "name_turkish": "Danimarka"
  },
  {
    "country_code": "DJ",
    "name": "Djibouti",
    "calling_code": "+253",
    "flag": "flags/dji.png",
    "name_turkish": "Cibuti"
  },
  {
    "country_code": "DM",
    "name": "Dominica",
    "calling_code": "+1767",
    "flag": "flags/dma.png",
    "name_turkish": "Dominika"
  },
  {
    "country_code": "DO",
    "name": "Dominican Republic",
    "calling_code": "+1809",
    "flag": "flags/dom.png",
    "name_turkish": "Dominik Cumhuriyeti"
  },
  {
    "country_code": "EC",
    "name": "Ecuador",
    "calling_code": "+593",
    "flag": "flags/ecu.png",
    "name_turkish": "Ekvador"
  },
  {
    "country_code": "EG",
    "name": "Egypt",
    "calling_code": "+20",
    "flag": "flags/egy.png",
    "name_turkish": "Mısır"
  },
  {
    "country_code": "SV",
    "name": "El Salvador",
    "calling_code": "+503",
    "flag": "flags/slv.png",
    "name_turkish": "El Salvador"
  },
  {
    "country_code": "GQ",
    "name": "Equatorial Guinea",
    "calling_code": "+240",
    "flag": "flags/gnq.png",
    "name_turkish": "Ekvator Ginesi"
  },
  {
    "country_code": "ER",
    "name": "Eritrea",
    "calling_code": "+291",
    "flag": "flags/eri.png",
    "name_turkish": "Eritre"
  },
  {
    "country_code": "EE",
    "name": "Estonia",
    "calling_code": "+372",
    "flag": "flags/est.png",
    "name_turkish": "Estonya"
  },
  {
    "country_code": "ET",
    "name": "Ethiopia",
    "calling_code": "+251",
    "flag": "flags/eth.png",
    "name_turkish": "Etiyopya"
  },
  {
    "country_code": "FK",
    "name": "Falkland Islands (Malvinas)",
    "calling_code": "+500",
    "flag": "flags/flk.png",
    "name_turkish": "Falkland Adaları"
  },
  {
    "country_code": "FO",
    "name": "Faroe Islands",
    "calling_code": "+298",
    "flag": "flags/fro.png",
    "name_turkish": "Faroe Adaları"
  },
  {
    "country_code": "FJ",
    "name": "Fiji",
    "calling_code": "+679",
    "flag": "flags/fji.png",
    "name_turkish": "Fiji"
  },
  {
    "country_code": "FI",
    "name": "Finland",
    "calling_code": "+358",
    "flag": "flags/fin.png",
    "name_turkish": "Finlandiya"
  },
  {
    "country_code": "FR",
    "name": "France",
    "calling_code": "+33",
    "flag": "flags/fra.png",
    "name_turkish": "Fransa"
  },
  {
    "country_code": "GF",
    "name": "French Guiana",
    "calling_code": "+594",
    "flag": "flags/guf.png",
    "name_turkish": "Fransız Guyanası"
  },
  {
    "country_code": "PF",
    "name": "French Polynesia",
    "calling_code": "+689",
    "flag": "flags/pyf.png",
    "name_turkish": "Fransız Polinezyası"
  },
  {
    "country_code": "TF",
    "name": "French Southern Territories",
    "calling_code": "+262",
    "flag": "flags/atf.png",
    "name_turkish": "Fransız Güney Toprakları"
  },
  {
    "country_code": "GA",
    "name": "Gabon",
    "calling_code": "+241",
    "flag": "flags/gab.png",
    "name_turkish": "Gabon"
  },
  {
    "country_code": "GM",
    "name": "Gambia",
    "calling_code": "+220",
    "flag": "flags/gmb.png",
    "name_turkish": "Gambiya"
  },
  {
    "country_code": "GE",
    "name": "Georgia",
    "calling_code": "+995",
    "flag": "flags/geo.png",
    "name_turkish": "Gürcistan"
  },
  {
    "country_code": "DE",
    "name": "Germany",
    "calling_code": "+49",
    "flag": "flags/deu.png",
    "name_turkish": "Almanya"
  },
  {
    "country_code": "GH",
    "name": "Ghana",
    "calling_code": "+233",
    "flag": "flags/gha.png",
    "name_turkish": "Gana"
  },
  {
    "country_code": "GI",
    "name": "Gibraltar",
    "calling_code": "+350",
    "flag": "flags/gib.png",
    "name_turkish": "Cebelitarık"
  },
  {
    "country_code": "GR",
    "name": "Greece",
    "calling_code": "+30",
    "flag": "flags/grc.png",
    "name_turkish": "Yunanistan"
  },
  {
    "country_code": "GL",
    "name": "Greenland",
    "calling_code": "+299",
    "flag": "flags/grl.png",
    "name_turkish": "Grönland"
  },
  {
    "country_code": "GD",
    "name": "Grenada",
    "calling_code": "+1473",
    "flag": "flags/grd.png",
    "name_turkish": "Grenada"
  },
  {
    "country_code": "GP",
    "name": "Guadeloupe",
    "calling_code": "+590",
    "flag": "flags/glp.png",
    "name_turkish": "Guadeloupe"
  },
  {
    "country_code": "GU",
    "name": "Guam",
    "calling_code": "+1671",
    "flag": "flags/gum.png",
    "name_turkish": "Guam"
  },
  {
    "country_code": "GT",
    "name": "Guatemala",
    "calling_code": "+502",
    "flag": "flags/gtm.png",
    "name_turkish": "Guatemala"
  },
  {
    "country_code": "GG",
    "name": "Guernsey",
    "calling_code": "+44",
    "flag": "flags/ggy.png",
    "name_turkish": "Guernsey"
  },
  {
    "country_code": "GN",
    "name": "Guinea",
    "calling_code": "+224",
    "flag": "flags/gin.png",
    "name_turkish": "Gine"
  },
  {
    "country_code": "GW",
    "name": "Guinea-Bissau",
    "calling_code": "+245",
    "flag": "flags/gnb.png",
    "name_turkish": "Gine-Bissau"
  },
  {
    "country_code": "GY",
    "name": "Guyana",
    "calling_code": "+592",
    "flag": "flags/guy.png",
    "name_turkish": "Guyana"
  },
  {
    "country_code": "HT",
    "name": "Haiti",
    "calling_code": "+509",
    "flag": "flags/hti.png",
    "name_turkish": "Haiti"
  },
  {
    "country_code": "HM",
    "name": "Heard Island and McDonald Islands",
    "calling_code": "+672",
    "flag": "flags/hmd.png",
    "name_turkish": "Heard Adası ve McDonald Adaları"
  },
  {
    "country_code": "VA",
    "name": "Holy See",
    "calling_code": "+379",
    "flag": "flags/vat.png",
    "name_turkish": "Vatikan"
  },
  {
    "country_code": "HN",
    "name": "Honduras",
    "calling_code": "+504",
    "flag": "flags/hnd.png",
    "name_turkish": "Honduras"
  },
  {
    "country_code": "HK",
    "name": "Hong Kong",
    "calling_code": "+852",
    "flag": "flags/hkg.png",
    "name_turkish": "Hong Kong"
  },
  {
    "country_code": "HU",
    "name": "Hungary",
    "calling_code": "+36",
    "flag": "flags/hun.png",
    "name_turkish": "Macaristan"
  },
  {
    "country_code": "IS",
    "name": "Iceland",
    "calling_code": "+354",
    "flag": "flags/isl.png",
    "name_turkish": "İzlanda"
  },
  {
    "country_code": "IN",
    "name": "India",
    "calling_code": "+91",
    "flag": "flags/ind.png",
    "name_turkish": "Hindistan"
  },
  {
    "country_code": "ID",
    "name": "Indonesia",
    "calling_code": "+62",
    "flag": "flags/idn.png",
    "name_turkish": "Endonezya"
  },
  {
    "country_code": "CI",
    "name": "Côte d'Ivoire",
    "calling_code": "+225",
    "flag": "flags/civ.png",
    "name_turkish": "Fildişi Sahili"
  },
  {
    "country_code": "IR",
    "name": "Iran (Islamic Republic of)",
    "calling_code": "+98",
    "flag": "flags/irn.png",
    "name_turkish": "İran"
  },
  {
    "country_code": "IQ",
    "name": "Iraq",
    "calling_code": "+964",
    "flag": "flags/irq.png",
    "name_turkish": "Irak"
  },
  {
    "country_code": "IE",
    "name": "Ireland",
    "calling_code": "+353",
    "flag": "flags/irl.png",
    "name_turkish": "İrlanda"
  },
  {
    "country_code": "IM",
    "name": "Isle of Man",
    "calling_code": "+44",
    "flag": "flags/imn.png",
    "name_turkish": "Man Adası"
  },
  {
    "country_code": "IL",
    "name": "Israel",
    "calling_code": "+972",
    "flag": "flags/isr.png",
    "name_turkish": "İsrail"
  },
  {
    "country_code": "IT",
    "name": "Italy",
    "calling_code": "+39",
    "flag": "flags/ita.png",
    "name_turkish": "İtalya"
  },
  {
    "country_code": "JM",
    "name": "Jamaica",
    "calling_code": "+1876",
    "flag": "flags/jam.png",
    "name_turkish": "Jamaika"
  },
  {
    "country_code": "JP",
    "name": "Japan",
    "calling_code": "+81",
    "flag": "flags/jpn.png",
    "name_turkish": "Japonya"
  },
  {
    "country_code": "JE",
    "name": "Jersey",
    "calling_code": "+44",
    "flag": "flags/jey.png",
    "name_turkish": "Jersey"
  },
  {
    "country_code": "JO",
    "name": "Jordan",
    "calling_code": "+962",
    "flag": "flags/jor.png",
    "name_turkish": "Ürdün"
  },
  {
    "country_code": "KZ",
    "name": "Kazakhstan",
    "calling_code": "+76",
    "flag": "flags/kaz.png",
    "name_turkish": "Kazakistan"
  },
  {
    "country_code": "KE",
    "name": "Kenya",
    "calling_code": "+254",
    "flag": "flags/ken.png",
    "name_turkish": "Kenya"
  },
  {
    "country_code": "KI",
    "name": "Kiribati",
    "calling_code": "+686",
    "flag": "flags/kir.png",
    "name_turkish": "Kiribati"
  },
  {
    "country_code": "KW",
    "name": "Kuwait",
    "calling_code": "+965",
    "flag": "flags/kwt.png",
    "name_turkish": "Kuveyt"
  },
  {
    "country_code": "KG",
    "name": "Kyrgyzstan",
    "calling_code": "+996",
    "flag": "flags/kgz.png",
    "name_turkish": "Kırgızistan"
  },
  {
    "country_code": "LA",
    "name": "Lao People's Democratic Republic",
    "calling_code": "+856",
    "flag": "flags/lao.png",
    "name_turkish": "Laos"
  },
  {
    "country_code": "LV",
    "name": "Latvia",
    "calling_code": "+371",
    "flag": "flags/lva.png",
    "name_turkish": "Letonya"
  },
  {
    "country_code": "LB",
    "name": "Lebanon",
    "calling_code": "+961",
    "flag": "flags/lbn.png",
    "name_turkish": "Lübnan"
  },
  {
    "country_code": "LS",
    "name": "Lesotho",
    "calling_code": "+266",
    "flag": "flags/lso.png",
    "name_turkish": "Lesotho"
  },
  {
    "country_code": "LR",
    "name": "Liberia",
    "calling_code": "+231",
    "flag": "flags/lbr.png",
    "name_turkish": "Liberya"
  },
  {
    "country_code": "LY",
    "name": "Libya",
    "calling_code": "+218",
    "flag": "flags/lby.png",
    "name_turkish": "Libya"
  },
  {
    "country_code": "LI",
    "name": "Liechtenstein",
    "calling_code": "+423",
    "flag": "flags/lie.png",
    "name_turkish": "Lihtenştayn"
  },
  {
    "country_code": "LT",
    "name": "Lithuania",
    "calling_code": "+370",
    "flag": "flags/ltu.png",
    "name_turkish": "Litvanya"
  },
  {
    "country_code": "LU",
    "name": "Luxembourg",
    "calling_code": "+352",
    "flag": "flags/lux.png",
    "name_turkish": "Lüksemburg"
  },
  {
    "country_code": "MO",
    "name": "Macao",
    "calling_code": "+853",
    "flag": "flags/mac.png",
    "name_turkish": "Makao"
  },
  {
    "country_code": "MK",
    "name": "Macedonia (the former Yugoslav Republic of)",
    "calling_code": "+389",
    "flag": "flags/mkd.png",
    "name_turkish": "Makedonya"
  },
  {
    "country_code": "MG",
    "name": "Madagascar",
    "calling_code": "+261",
    "flag": "flags/mdg.png",
    "name_turkish": "Madagaskar"
  },
  {
    "country_code": "MW",
    "name": "Malawi",
    "calling_code": "+265",
    "flag": "flags/mwi.png",
    "name_turkish": "Malavi"
  },
  {
    "country_code": "MY",
    "name": "Malaysia",
    "calling_code": "+60",
    "flag": "flags/mys.png",
    "name_turkish": "Malezya"
  },
  {
    "country_code": "MV",
    "name": "Maldives",
    "calling_code": "+960",
    "flag": "flags/mdv.png",
    "name_turkish": "Maldivler"
  },
  {
    "country_code": "ML",
    "name": "Mali",
    "calling_code": "+223",
    "flag": "flags/mli.png",
    "name_turkish": "Mali"
  },
  {
    "country_code": "MT",
    "name": "Malta",
    "calling_code": "+356",
    "flag": "flags/mlt.png",
    "name_turkish": "Malta"
  },
  {
    "country_code": "MH",
    "name": "Marshall Islands",
    "calling_code": "+692",
    "flag": "flags/mhl.png",
    "name_turkish": "Marshall Adaları"
  },
  {
    "country_code": "MQ",
    "name": "Martinique",
    "calling_code": "+596",
    "flag": "flags/mtq.png",
    "name_turkish": "Martinik"
  },
  {
    "country_code": "MR",
    "name": "Mauritania",
    "calling_code": "+222",
    "flag": "flags/mrt.png",
    "name_turkish": "Moritanya"
  },
  {
    "country_code": "MU",
    "name": "Mauritius",
    "calling_code": "+230",
    "flag": "flags/mus.png",
    "name_turkish": "Mauritius"
  },
  {
    "country_code": "YT",
    "name": "Mayotte",
    "calling_code": "+262",
    "flag": "flags/myt.png",
    "name_turkish": "Mayotte"
  },
  {
    "country_code": "MX",
    "name": "Mexico",
    "calling_code": "+52",
    "flag": "flags/mex.png",
    "name_turkish": "Meksika"
  },
  {
    "country_code": "FM",
    "name": "Micronesia (Federated States of)",
    "calling_code": "+691",
    "flag": "flags/fsm.png",
    "name_turkish": "Mikronezya"
  },
  {
    "country_code": "MD",
    "name": "Moldova (Republic of)",
    "calling_code": "+373",
    "flag": "flags/mda.png",
    "name_turkish": "Moldova"
  },
  {
    "country_code": "MC",
    "name": "Monaco",
    "calling_code": "+377",
    "flag": "flags/mco.png",
    "name_turkish": "Monako"
  },
  {
    "country_code": "MN",
    "name": "Mongolia",
    "calling_code": "+976",
    "flag": "flags/mng.png",
    "name_turkish": "Moğolistan"
  },
  {
    "country_code": "ME",
    "name": "Montenegro",
    "calling_code": "+382",
    "flag": "flags/mne.png",
    "name_turkish": "Karadağ"
  },
  {
    "country_code": "MS",
    "name": "Montserrat",
    "calling_code": "+1664",
    "flag": "flags/msr.png",
    "name_turkish": "Montserrat"
  },
  {
    "country_code": "MA",
    "name": "Morocco",
    "calling_code": "+212",
    "flag": "flags/mar.png",
    "name_turkish": "Fas"
  },
  {
    "country_code": "MZ",
    "name": "Mozambique",
    "calling_code": "+258",
    "flag": "flags/moz.png",
    "name_turkish": "Mozambik"
  },
  {
    "country_code": "MM",
    "name": "Myanmar",
    "calling_code": "+95",
    "flag": "flags/mmr.png",
    "name_turkish": "Myanmar"
  },
  {
    "country_code": "NA",
    "name": "Namibia",
    "calling_code": "+264",
    "flag": "flags/nam.png",
    "name_turkish": "Namibya"
  },
  {
    "country_code": "NR",
    "name": "Nauru",
    "calling_code": "+674",
    "flag": "flags/nru.png",
    "name_turkish": "Nauru"
  },
  {
    "country_code": "NP",
    "name": "Nepal",
    "calling_code": "+977",
    "flag": "flags/npl.png",
    "name_turkish": "Nepal"
  },
  {
    "country_code": "NL",
    "name": "Netherlands",
    "calling_code": "+31",
    "flag": "flags/nld.png",
    "name_turkish": "Hollanda"
  },
  {
    "country_code": "NC",
    "name": "New Caledonia",
    "calling_code": "+687",
    "flag": "flags/ncl.png",
    "name_turkish": "Yeni Kaledonya"
  },
  {
    "country_code": "NZ",
    "name": "New Zealand",
    "calling_code": "+64",
    "flag": "flags/nzl.png",
    "name_turkish": "Yeni Zelanda"
  },
  {
    "country_code": "NI",
    "name": "Nicaragua",
    "calling_code": "+505",
    "flag": "flags/nic.png",
    "name_turkish": "Nikaragua"
  },
  {
    "country_code": "NE",
    "name": "Niger",
    "calling_code": "+227",
    "flag": "flags/ner.png",
    "name_turkish": "Nijer"
  },
  {
    "country_code": "NG",
    "name": "Nigeria",
    "calling_code": "+234",
    "flag": "flags/nga.png",
    "name_turkish": "Nijerya"
  },
  {
    "country_code": "NU",
    "name": "Niue",
    "calling_code": "+683",
    "flag": "flags/niu.png",
    "name_turkish": "Niue"
  },
  {
    "country_code": "NF",
    "name": "Norfolk Island",
    "calling_code": "+672",
    "flag": "flags/nfk.png",
    "name_turkish": "Norfolk Adası"
  },
  {
    "country_code": "KP",
    "name": "Korea (Democratic People's Republic of)",
    "calling_code": "+850",
    "flag": "flags/prk.png",
    "name_turkish": "Kuzey Kore"
  },
  {
    "country_code": "MP",
    "name": "Northern Mariana Islands",
    "calling_code": "+1670",
    "flag": "flags/mnp.png",
    "name_turkish": "Kuzey Mariana Adaları"
  },
  {
    "country_code": "NO",
    "name": "Norway",
    "calling_code": "+47",
    "flag": "flags/nor.png",
    "name_turkish": "Norveç"
  },
  {
    "country_code": "OM",
    "name": "Oman",
    "calling_code": "+968",
    "flag": "flags/omn.png",
    "name_turkish": "Umman"
  },
  {
    "country_code": "PK",
    "name": "Pakistan",
    "calling_code": "+92",
    "flag": "flags/pak.png",
    "name_turkish": "Pakistan"
  },
  {
    "country_code": "PW",
    "name": "Palau",
    "calling_code": "+680",
    "flag": "flags/plw.png",
    "name_turkish": "Palau"
  },
  {
    "country_code": "PS",
    "name": "Palestine, State of",
    "calling_code": "+970",
    "flag": "flags/pse.png",
    "name_turkish": "Filistin"
  },
  {
    "country_code": "PA",
    "name": "Panama",
    "calling_code": "+507",
    "flag": "flags/pan.png",
    "name_turkish": "Panama"
  },
  {
    "country_code": "PG",
    "name": "Papua New Guinea",
    "calling_code": "+675",
    "flag": "flags/png.png",
    "name_turkish": "Papua Yeni Gine"
  },
  {
    "country_code": "PY",
    "name": "Paraguay",
    "calling_code": "+595",
    "flag": "flags/pry.png",
    "name_turkish": "Paraguay"
  },
  {
    "country_code": "PE",
    "name": "Peru",
    "calling_code": "+51",
    "flag": "flags/per.png",
    "name_turkish": "Peru"
  },
  {
    "country_code": "PH",
    "name": "Philippines",
    "calling_code": "+63",
    "flag": "flags/phl.png",
    "name_turkish": "Filipinler"
  },
  {
    "country_code": "PN",
    "name": "Pitcairn",
    "calling_code": "+64",
    "flag": "flags/pcn.png",
    "name_turkish": "Pitcairn Adaları"
  },
  {
    "country_code": "PL",
    "name": "Poland",
    "calling_code": "+48",
    "flag": "flags/pol.png",
    "name_turkish": "Polonya"
  },
  {
    "country_code": "PT",
    "name": "Portugal",
    "calling_code": "+351",
    "flag": "flags/prt.png",
    "name_turkish": "Portekiz"
  },
  {
    "country_code": "PR",
    "name": "Puerto Rico",
    "calling_code": "+1787",
    "flag": "flags/pri.png",
    "name_turkish": "Porto Riko"
  },
  {
    "country_code": "QA",
    "name": "Qatar",
    "calling_code": "+974",
    "flag": "flags/qat.png",
    "name_turkish": "Katar"
  },
  {
    "country_code": "XK",
    "name": "Republic of Kosovo",
    "calling_code": "+383",
    "flag": "flags/kos.png",
    "name_turkish": "Kosova"
  },
  {
    "country_code": "RE",
    "name": "Réunion",
    "calling_code": "+262",
    "flag": "flags/reu.png",
    "name_turkish": "Réunion"
  },
  {
    "country_code": "RO",
    "name": "Romania",
    "calling_code": "+40",
    "flag": "flags/rou.png",
    "name_turkish": "Romanya"
  },
  {
    "country_code": "RU",
    "name": "Russian Federation",
    "calling_code": "+7",
    "flag": "flags/rus.png",
    "name_turkish": "Rusya"
  },
  {
    "country_code": "RW",
    "name": "Rwanda",
    "calling_code": "+250",
    "flag": "flags/rwa.png",
    "name_turkish": "Ruanda"
  },
  {
    "country_code": "BL",
    "name": "Saint Barthélemy",
    "calling_code": "+590",
    "flag": "flags/blm.png",
    "name_turkish": "Saint Barthélemy"
  },
  {
    "country_code": "SH",
    "name": "Saint Helena, Ascension and Tristan da Cunha",
    "calling_code": "+290",
    "flag": "flags/shn.png",
    "name_turkish": "Saint Helena"
  },
  {
    "country_code": "KN",
    "name": "Saint Kitts and Nevis",
    "calling_code": "+1869",
    "flag": "flags/kna.png",
    "name_turkish": "Saint Kitts ve Nevis"
  },
  {
    "country_code": "LC",
    "name": "Saint Lucia",
    "calling_code": "+1758",
    "flag": "flags/lca.png",
    "name_turkish": "Saint Lucia"
  },
  {
    "country_code": "MF",
    "name": "Saint Martin (French part)",
    "calling_code": "+590",
    "flag": "flags/maf.png",
    "name_turkish": "Saint Martin"
  },
  {
    "country_code": "PM",
    "name": "Saint Pierre and Miquelon",
    "calling_code": "+508",
    "flag": "flags/spm.png",
    "name_turkish": "Saint Pierre ve Miquelon"
  },
  {
    "country_code": "VC",
    "name": "Saint Vincent and the Grenadines",
    "calling_code": "+1784",
    "flag": "flags/vct.png",
    "name_turkish": "Saint Vincent ve Grenadinler"
  },
  {
    "country_code": "WS",
    "name": "Samoa",
    "calling_code": "+685",
    "flag": "flags/wsm.png",
    "name_turkish": "Samoa"
  },
  {
    "country_code": "SM",
    "name": "San Marino",
    "calling_code": "+378",
    "flag": "flags/smr.png",
    "name_turkish": "San Marino"
  },
  {
    "country_code": "ST",
    "name": "Sao Tome and Principe",
    "calling_code": "+239",
    "flag": "flags/stp.png",
    "name_turkish": "Sao Tome ve Principe"
  },
  {
    "country_code": "SA",
    "name": "Saudi Arabia",
    "calling_code": "+966",
    "flag": "flags/sau.png",
    "name_turkish": "Suudi Arabistan"
  },
  {
    "country_code": "SN",
    "name": "Senegal",
    "calling_code": "+221",
    "flag": "flags/sen.png",
    "name_turkish": "Senegal"
  },
  {
    "country_code": "RS",
    "name": "Serbia",
    "calling_code": "+381",
    "flag": "flags/srb.png",
    "name_turkish": "Sırbistan"
  },
  {
    "country_code": "SC",
    "name": "Seychelles",
    "calling_code": "+248",
    "flag": "flags/syc.png",
    "name_turkish": "Seyşeller"
  },
  {
    "country_code": "SL",
    "name": "Sierra Leone",
    "calling_code": "+232",
    "flag": "flags/sle.png",
    "name_turkish": "Sierra Leone"
  },
  {
    "country_code": "SG",
    "name": "Singapore",
    "calling_code": "+65",
    "flag": "flags/sgp.png",
    "name_turkish": "Singapur"
  },
  {
    "country_code": "SX",
    "name": "Sint Maarten (Dutch part)",
    "calling_code": "+1721",
    "flag": "flags/sxm.png",
    "name_turkish": "Sint Maarten"
  },
  {
    "country_code": "SK",
    "name": "Slovakia",
    "calling_code": "+421",
    "flag": "flags/svk.png",
    "name_turkish": "Slovakya"
  },
  {
    "country_code": "SI",
    "name": "Slovenia",
    "calling_code": "+386",
    "flag": "flags/svn.png",
    "name_turkish": "Slovenya"
  },
  {
    "country_code": "SB",
    "name": "Solomon Islands",
    "calling_code": "+677",
    "flag": "flags/slb.png",
    "name_turkish": "Solomon Adaları"
  },
  {
    "country_code": "SO",
    "name": "Somalia",
    "calling_code": "+252",
    "flag": "flags/som.png",
    "name_turkish": "Somali"
  },
  {
    "country_code": "ZA",
    "name": "South Africa",
    "calling_code": "+27",
    "flag": "flags/zaf.png",
    "name_turkish": "Güney Afrika"
  },
  {
    "country_code": "GS",
    "name": "South Georgia and the South Sandwich Islands",
    "calling_code": "+500",
    "flag": "flags/sgs.png",
    "name_turkish": "Güney Georgia ve Güney Sandwich Adaları"
  },
  {
    "country_code": "KR",
    "name": "Korea (Republic of)",
    "calling_code": "+82",
    "flag": "flags/kor.png",
    "name_turkish": "Güney Kore"
  },
  {
    "country_code": "SS",
    "name": "South Sudan",
    "calling_code": "+211",
    "flag": "flags/ssd.png",
    "name_turkish": "Güney Sudan"
  },
  {
    "country_code": "ES",
    "name": "Spain",
    "calling_code": "+34",
    "flag": "flags/esp.png",
    "name_turkish": "İspanya"
  },
  {
    "country_code": "LK",
    "name": "Sri Lanka",
    "calling_code": "+94",
    "flag": "flags/lka.png",
    "name_turkish": "Sri Lanka"
  },
  {
    "country_code": "SD",
    "name": "Sudan",
    "calling_code": "+249",
    "flag": "flags/sdn.png",
    "name_turkish": "Sudan"
  },
  {
    "country_code": "SR",
    "name": "Suriname",
    "calling_code": "+597",
    "flag": "flags/sur.png",
    "name_turkish": "Surinam"
  },
  {
    "country_code": "SJ",
    "name": "Svalbard and Jan Mayen",
    "calling_code": "+4779",
    "flag": "flags/sjm.png",
    "name_turkish": "Svalbard ve Jan Mayen"
  },
  {
    "country_code": "SZ",
    "name": "Swaziland",
    "calling_code": "+268",
    "flag": "flags/swz.png",
    "name_turkish": "Svaziland"
  },
  {
    "country_code": "SE",
    "name": "Sweden",
    "calling_code": "+46",
    "flag": "flags/swe.png",
    "name_turkish": "İsveç"
  },
  {
    "country_code": "CH",
    "name": "Switzerland",
    "calling_code": "+41",
    "flag": "flags/che.png",
    "name_turkish": "İsviçre"
  },
  {
    "country_code": "SY",
    "name": "Syrian Arab Republic",
    "calling_code": "+963",
    "flag": "flags/syr.png",
    "name_turkish": "Suriye"
  },
  {
    "country_code": "TW",
    "name": "Taiwan",
    "calling_code": "+886",
    "flag": "flags/twn.png",
    "name_turkish": "Tayvan"
  },
  {
    "country_code": "TJ",
    "name": "Tajikistan",
    "calling_code": "+992",
    "flag": "flags/tjk.png",
    "name_turkish": "Tacikistan"
  },
  {
    "country_code": "TZ",
    "name": "Tanzania, United Republic of",
    "calling_code": "+255",
    "flag": "flags/tza.png",
    "name_turkish": "Tanzanya"
  },
  {
    "country_code": "TH",
    "name": "Thailand",
    "calling_code": "+66",
    "flag": "flags/tha.png",
    "name_turkish": "Tayland"
  },
  {
    "country_code": "TL",
    "name": "Timor-Leste",
    "calling_code": "+670",
    "flag": "flags/tls.png",
    "name_turkish": "Doğu Timor"
  },
  {
    "country_code": "TG",
    "name": "Togo",
    "calling_code": "+228",
    "flag": "flags/tgo.png",
    "name_turkish": "Togo"
  },
  {
    "country_code": "TK",
    "name": "Tokelau",
    "calling_code": "+690",
    "flag": "flags/tkl.png",
    "name_turkish": "Tokelau"
  },
  {
    "country_code": "TO",
    "name": "Tonga",
    "calling_code": "+676",
    "flag": "flags/ton.png",
    "name_turkish": "Tonga"
  },
  {
    "country_code": "TT",
    "name": "Trinidad and Tobago",
    "calling_code": "+1868",
    "flag": "flags/tto.png",
    "name_turkish": "Trinidad ve Tobago"
  },
  {
    "country_code": "TN",
    "name": "Tunisia",
    "calling_code": "+216",
    "flag": "flags/tun.png",
    "name_turkish": "Tunus"
  },
  {
    "country_code": "TR",
    "name": "Turkey",
    "calling_code": "+90",
    "flag": "flags/tur.png",
    "name_turkish": "Türkiye"
  },
  {
    "country_code": "TM",
    "name": "Turkmenistan",
    "calling_code": "+993",
    "flag": "flags/tkm.png",
    "name_turkish": "Türkmenistan"
  },
  {
    "country_code": "TC",
    "name": "Turks and Caicos Islands",
    "calling_code": "+1649",
    "flag": "flags/tca.png",
    "name_turkish": "Turks ve Caicos Adaları"
  },
  {
    "country_code": "TV",
    "name": "Tuvalu",
    "calling_code": "+688",
    "flag": "flags/tuv.png",
    "name_turkish": "Tuvalu"
  },
  {
    "country_code": "UG",
    "name": "Uganda",
    "calling_code": "+256",
    "flag": "flags/uga.png",
    "name_turkish": "Uganda"
  },
  {
    "country_code": "UA",
    "name": "Ukraine",
    "calling_code": "+380",
    "flag": "flags/ukr.png",
    "name_turkish": "Ukrayna"
  },
  {
    "country_code": "AE",
    "name": "United Arab Emirates",
    "calling_code": "+971",
    "flag": "flags/are.png",
    "name_turkish": "Birleşik Arap Emirlikleri"
  },
  {
    "country_code": "GB",
    "name": "United Kingdom of Great Britain and Northern Ireland",
    "calling_code": "+44",
    "flag": "flags/gbr.png",
    "name_turkish": "Birleşik Krallık"
  },
  {
    "country_code": "US",
    "name": "United States of America",
    "calling_code": "+1",
    "flag": "flags/usa.png",
    "name_turkish": "Amerika Birleşik Devletleri"
  },
  {
    "country_code": "UY",
    "name": "Uruguay",
    "calling_code": "+598",
    "flag": "flags/ury.png",
    "name_turkish": "Uruguay"
  },
  {
    "country_code": "UZ",
    "name": "Uzbekistan",
    "calling_code": "+998",
    "flag": "flags/uzb.png",
    "name_turkish": "Özbekistan"
  },
  {
    "country_code": "VU",
    "name": "Vanuatu",
    "calling_code": "+678",
    "flag": "flags/vut.png",
    "name_turkish": "Vanuatu"
  },
  {
    "country_code": "VE",
    "name": "Venezuela (Bolivarian Republic of)",
    "calling_code": "+58",
    "flag": "flags/ven.png",
    "name_turkish": "Venezuela"
  },
  {
    "country_code": "VN",
    "name": "Viet Nam",
    "calling_code": "+84",
    "flag": "flags/vnm.png",
    "name_turkish": "Vietnam"
  },
  {
    "country_code": "WF",
    "name": "Wallis and Futuna",
    "calling_code": "+681",
    "flag": "flags/wlf.png",
    "name_turkish": "Wallis ve Futuna"
  },
  {
    "country_code": "EH",
    "name": "Western Sahara",
    "calling_code": "+212",
    "flag": "flags/esh.png",
    "name_turkish": "Batı Sahra"
  },
  {
    "country_code": "YE",
    "name": "Yemen",
    "calling_code": "+967",
    "flag": "flags/yem.png",
    "name_turkish": "Yemen"
  },
  {
    "country_code": "ZM",
    "name": "Zambia",
    "calling_code": "+260",
    "flag": "flags/zmb.png",
    "name_turkish": "Zambiya"
  },
  {
    "country_code": "ZW",
    "name": "Zimbabwe",
    "calling_code": "+263",
    "flag": "flags/zwe.png",
    "name_turkish": "Zimbabve"
  }
]